SNP	effect_allele.exposure	other_allele.exposure	effect_allele.outcome	other_allele.outcome	beta.exposure	beta.outcome	eaf.exposure	eaf.outcome	remove	palindromic	ambiguous	id.outcome	se.outcome	pval.outcome	samplesize.outcome	outcome	mr_keep.outcome	pval_origin.outcome	se.exposure	pval.exposure	samplesize.exposure	exposure	mr_keep.exposure	pval_origin.exposure	id.exposure	action	SNP_index	mr_keep
rs10026023	T	C	T	C	0.023180222478646	-0.0149	0.4121	0.4088	FALSE	FALSE	FALSE	scad	0.0403	0.7106	11209	SCAD	TRUE	reported	0.00321283025299164	4.97134114287231e-12		Age at menopause	TRUE	reported	menopause	2	1	TRUE
rs10032966	T	C	T	C	0.0247211420593722	-0.0433	0.408	0.417	FALSE	FALSE	FALSE	scad	0.0456	0.343	11209	SCAD	TRUE	reported	0.00356153504202476	3.45101297716629e-11		Age at menopause	TRUE	reported	menopause	2	1	TRUE
rs1003473	C	G	C	G	0.0237702493923821	0.0119	0.2823	0.2923	FALSE	TRUE	FALSE	scad	0.0427	0.7801	11209	SCAD	TRUE	reported	0.00359403131187701	3.17273094089705e-10		Age at menopause	TRUE	reported	menopause	2	1	TRUE
rs10070308	T	C	T	C	0.0197374250515303	-0.0307	0.1525	0.1529	FALSE	FALSE	FALSE	scad	0.0548	0.576	11209	SCAD	TRUE	reported	0.00284934218432649	3.80643995936671e-11		Age at menopause	TRUE	reported	menopause	2	1	TRUE
rs10476835	A	G	A	G	-0.022549084814437	0.0133	0.4891	0.4912	FALSE	FALSE	FALSE	scad	0.0386	0.7304	11209	SCAD	TRUE	reported	0.00330421867149219	7.71127255770227e-11		Age at menopause	TRUE	reported	menopause	2	1	TRUE
rs1058734	T	C	T	C	0.0226464882642127	0.0339	0.4613	0.4532	FALSE	FALSE	FALSE	scad	0.0389	0.383	11209	SCAD	TRUE	reported	0.00329341000112404	5.4013983937079e-11		Age at menopause	TRUE	reported	menopause	2	1	TRUE
rs10734411	A	G	A	G	0.0323202575721479	0.0068	0.4835	0.4783	FALSE	FALSE	FALSE	scad	0.0389	0.8619	11209	SCAD	TRUE	reported	0.00310555789531976	3.02471376543036e-24		Age at menopause	TRUE	reported	menopause	2	1	TRUE
rs10764107	T	C	T	C	0.0202381432636585	-0.0691	0.4689	0.4663	FALSE	FALSE	FALSE	scad	0.0389	0.07538	11209	SCAD	TRUE	reported	0.00332375185287466	8.89632552505146e-09		Age at menopause	TRUE	reported	menopause	2	1	TRUE
rs10771764	A	G	A	G	-0.0188659098121397	0.0342	0.5845	0.5872	FALSE	FALSE	FALSE	scad	0.0397	0.3898	11209	SCAD	TRUE	reported	0.00283768924190895	2.52355646580926e-10		Age at menopause	TRUE	reported	menopause	2	1	TRUE
rs10808334	G	C	G	C	0.0181081358065923	0.012	0.2616	0.2626	FALSE	TRUE	FALSE	scad	0.0439	0.784	11209	SCAD	TRUE	reported	0.00285986643923496	1.9686461574826e-09		Age at menopause	TRUE	reported	menopause	2	1	TRUE
rs10818858	T	C	T	C	-0.0305335549851987	-0.2139	0.06588	0.0686	FALSE	FALSE	FALSE	scad	0.0932	0.02178	11209	SCAD	TRUE	reported	0.00301184193125263	4.81440827615648e-23		Age at menopause	TRUE	reported	menopause	2	1	TRUE
rs10883796	A	G	A	G	-0.0233102976799288	-0.1014	0.2944	0.3035	FALSE	FALSE	FALSE	scad	0.0426	0.01731	11209	SCAD	TRUE	reported	0.00289313881848032	8.00748786323697e-15		Age at menopause	TRUE	reported	menopause	2	1	TRUE
rs10934586	G	A	G	A	-0.0230247728225674	-0.0116	0.4521	0.46	FALSE	FALSE	FALSE	scad	0.0391	0.767	11209	SCAD	TRUE	reported	0.00371376050473776	4.50042208711124e-09		Age at menopause	TRUE	reported	menopause	2	1	TRUE
rs10998203	G	C	G	C	0.0327809630920734	-0.034	0.2016	0.2079	FALSE	TRUE	FALSE	scad	0.0488	0.4862	11209	SCAD	TRUE	reported	0.00290469301854087	2.20545336118513e-28		Age at menopause	TRUE	reported	menopause	2	1	TRUE
rs11245450	A	G	A	G	0.0394909143494501	-0.0121	0.4204	0.4322	FALSE	FALSE	FALSE	scad	0.039	0.7572	11209	SCAD	TRUE	reported	0.00330440397422783	9.67539375413801e-32		Age at menopause	TRUE	reported	menopause	2	1	TRUE
rs1152595	C	T	C	T	-0.0194536855589899	-0.0186	0.4518	0.4585	FALSE	FALSE	FALSE	scad	0.0429	0.6647	11209	SCAD	TRUE	reported	0.00323580659719202	1.4170517280523e-08		Age at menopause	TRUE	reported	menopause	2	1	TRUE
rs11542373	A	G	A	G	-0.0270112400846169	-0.0263	0.2385	0.2273	FALSE	FALSE	FALSE	scad	0.0477	0.5812	11209	SCAD	TRUE	reported	0.00295218145007457	6.63028985574433e-19		Age at menopause	TRUE	reported	menopause	2	1	TRUE
rs11638671	C	T	C	T	-0.030838038168752	-0.0208	0.3435	0.3581	FALSE	FALSE	FALSE	scad	0.0405	0.6079	11209	SCAD	TRUE	reported	0.00460322294788936	1.79683321116546e-10		Age at menopause	TRUE	reported	menopause	2	1	TRUE
rs11646602	A	G	A	G	0.0398038105955057	0.0509	0.4632	0.4486	FALSE	FALSE	FALSE	scad	0.0451	0.2593	11209	SCAD	TRUE	reported	0.00385719687929656	7.51895383255349e-24		Age at menopause	TRUE	reported	menopause	2	1	TRUE
rs11650324	G	A	G	A	-0.0364937266418981	0.0838	0.2247	0.219	FALSE	FALSE	FALSE	scad	0.0466	0.07216	11209	SCAD	TRUE	reported	0.00289442304131032	3.02219419371012e-35		Age at menopause	TRUE	reported	menopause	2	1	TRUE
rs11668344	G	A	G	A	0.114734796650476	0.0149	0.3594	0.352	FALSE	FALSE	FALSE	scad	0.0403	0.7122	11209	SCAD	TRUE	reported	0.00327093864407966	1e-200		Age at menopause	TRUE	reported	menopause	2	1	TRUE
rs11690571	T	C	T	C	-0.0218698159540927	0.0649	0.4585	0.4539	FALSE	FALSE	FALSE	scad	0.0388	0.09412	11209	SCAD	TRUE	reported	0.00288789744178857	3.52206843053947e-13		Age at menopause	TRUE	reported	menopause	2	1	TRUE
rs11738973	A	T	A	T	0.0396466161044112	-0.0192	0.3845	0.3874	FALSE	TRUE	FALSE	scad	0.0391	0.6223	11209	SCAD	TRUE	reported	0.00324264100988331	3.45527009090447e-33		Age at menopause	TRUE	reported	menopause	2	1	TRUE
rs11896520	T	C	T	C	-0.0223309902264624	0.0952	0.273	0.2721	FALSE	FALSE	FALSE	scad	0.0509	0.06147	11209	SCAD	TRUE	reported	0.00294546313979677	3.30069930302418e-13		Age at menopause	TRUE	reported	menopause	2	1	TRUE
rs11898924	T	C	T	C	-0.0231785540142888	-0.0321	0.5097	0.527	FALSE	FALSE	FALSE	scad	0.0387	0.4071	11209	SCAD	TRUE	reported	0.00356978251700777	7.00347336917648e-10		Age at menopause	TRUE	reported	menopause	2	1	TRUE
rs1204238	C	G	C	G	-0.0181711399443215	-0.0176	0.4902	0.4809	FALSE	TRUE	TRUE	scad	0.0405	0.665	11209	SCAD	TRUE	reported	0.00281838086996212	9.40809854772136e-10		Age at menopause	TRUE	reported	menopause	2	1	FALSE
rs12205046	A	G	A	G	-0.0229442618798359	-0.0323	0.1439	0.1545	FALSE	FALSE	FALSE	scad	0.0552	0.5578	11209	SCAD	TRUE	reported	0.00293797445098219	5.70673114512854e-14		Age at menopause	TRUE	reported	menopause	2	1	TRUE
rs12229849	T	A	T	A	0.0198847258527444	-0.0407	0.1955	0.1966	FALSE	TRUE	FALSE	scad	0.0493	0.4088	11209	SCAD	TRUE	reported	0.00296078520617132	1.60530427583911e-10		Age at menopause	TRUE	reported	menopause	2	1	TRUE
rs12461110	A	G	A	G	0.0377528152327257	0.0237	0.3621	0.3657	FALSE	FALSE	FALSE	scad	0.0398	0.5514	11209	SCAD	TRUE	reported	0.00319342032820742	4.47969545995944e-31		Age at menopause	TRUE	reported	menopause	2	1	TRUE
rs1247483	T	C	T	C	0.0274952045526594	-0.0582	0.3032	0.297	FALSE	FALSE	FALSE	scad	0.051	0.2541	11209	SCAD	TRUE	reported	0.00392106177111188	2.10239566021297e-11		Age at menopause	TRUE	reported	menopause	2	1	TRUE
rs12503643	T	G	T	G	-0.0528727591903382	-0.0098	0.3987	0.396	FALSE	FALSE	FALSE	scad	0.0395	0.804	11209	SCAD	TRUE	reported	0.0031710460853639	4.27675672739732e-61		Age at menopause	TRUE	reported	menopause	2	1	TRUE
rs1264194	C	T	C	T	-0.0248719120438143	-0.0198	0.7176	0.6974	FALSE	FALSE	FALSE	scad	0.0457	0.6654	11209	SCAD	TRUE	reported	0.00309904555795694	1.03098490842717e-14		Age at menopause	TRUE	reported	menopause	2	1	TRUE
rs1264457	A	G	A	G	-0.0275289363911869	0.0335	0.6031	0.5749	FALSE	FALSE	FALSE	scad	0.046	0.4668	11209	SCAD	TRUE	reported	0.00292891324554536	6.55902576776509e-20		Age at menopause	TRUE	reported	menopause	2	1	TRUE
rs12680437	C	T	C	T	0.024416009755409	-0.0209	0.4906	0.4783	FALSE	FALSE	FALSE	scad	0.0452	0.6437	11209	SCAD	TRUE	reported	0.00292510721764936	7.42429722175216e-16		Age at menopause	TRUE	reported	menopause	2	1	TRUE
rs12709096	G	C	G	C	0.038991780514908	0.0297	0.3274	0.3129	FALSE	TRUE	FALSE	scad	0.0414	0.473	11209	SCAD	TRUE	reported	0.00310023284181719	4.478986817773e-35		Age at menopause	TRUE	reported	menopause	2	1	TRUE
rs12741141	G	C	G	C	-0.0213544576501696	0.0127	0.3557	0.3586	FALSE	TRUE	FALSE	scad	0.0405	0.7545	11209	SCAD	TRUE	reported	0.00317718308998143	1.550596667131e-10		Age at menopause	TRUE	reported	menopause	2	1	TRUE
rs1285841	T	C	T	C	-0.0219314953305916	-0.0378	0.4427	0.449	FALSE	FALSE	FALSE	scad	0.0396	0.3398	11209	SCAD	TRUE	reported	0.00349156502200967	2.70751325366908e-09		Age at menopause	TRUE	reported	menopause	2	1	TRUE
rs12879626	G	T	G	T	0.0220567264580411	0.022	0.6129	0.6072	FALSE	FALSE	FALSE	scad	0.0462	0.6347	11209	SCAD	TRUE	reported	0.0030096131890321	2.17205751422833e-12		Age at menopause	TRUE	reported	menopause	2	1	TRUE
rs13016330	T	C	T	C	0.0410657268855463	-0.0411	0.1024	0.1041	FALSE	FALSE	FALSE	scad	0.0634	0.5173	11209	SCAD	TRUE	reported	0.00294800250138686	7.30429909285971e-43		Age at menopause	TRUE	reported	menopause	2	1	TRUE
rs13040088	G	A	G	A	0.0351369287332707	-0.0056	0.2124	0.2088	FALSE	FALSE	FALSE	scad	0.0479	0.9062	11209	SCAD	TRUE	reported	0.00309472981356287	1.01821290376515e-28		Age at menopause	TRUE	reported	menopause	2	1	TRUE
rs13144809	C	T	C	T	0.0181586187353294	-2e-04	0.4117	0.4164	FALSE	FALSE	FALSE	scad	0.0388	0.9953	11209	SCAD	TRUE	reported	0.00300707380401491	1.2069894508706e-08		Age at menopause	TRUE	reported	menopause	2	1	TRUE
rs131805	C	T	C	T	0.0173405170454461	-0.0116	0.7827	0.7731	FALSE	FALSE	FALSE	scad	0.0461	0.8008	11209	SCAD	TRUE	reported	0.00290499848233354	1.83126357882368e-08		Age at menopause	TRUE	reported	menopause	2	1	TRUE
rs1384292	C	G	C	G	-0.0269807237245156	-1e-04	0.4516	0.4508	FALSE	TRUE	TRUE	scad	0.0389	0.9973	11209	SCAD	TRUE	reported	0.00465002707890751	4.8914966022091e-08		Age at menopause	TRUE	reported	menopause	2	1	FALSE
rs138457	C	T	C	T	-0.0432549163245748	-0.108	0.638	0.6292	FALSE	FALSE	FALSE	scad	0.0402	0.007169	11209	SCAD	TRUE	reported	0.00304567053795679	1.59030780811179e-44		Age at menopause	TRUE	reported	menopause	2	1	TRUE
rs143251938	T	C	T	C	0.0207958539840772	0.0953	0.1037	0.1154	FALSE	FALSE	FALSE	scad	0.0606	0.1159	11209	SCAD	TRUE	reported	0.00303646667556253	6.52786319158933e-11		Age at menopause	TRUE	reported	menopause	2	1	TRUE
rs147272959	G	T	G	T	-0.0201342680775032	0.1626	0.02014	0.0198	FALSE	FALSE	FALSE	scad	0.1614	0.3137	11209	SCAD	TRUE	reported	0.00291537451991756	4.39461363230369e-11		Age at menopause	TRUE	reported	menopause	2	1	TRUE
rs151041527	A	G	A	G	-0.0174645604456113	-0.0505	0.01751	0.0197000000000001	FALSE	FALSE	FALSE	scad	0.1903	0.7906	11209	SCAD	TRUE	reported	0.00300372336438156	4.56133741981013e-08		Age at menopause	TRUE	reported	menopause	2	1	TRUE
rs1545597	C	A	C	A	-0.0213583651594328	-0.0386	0.6371	0.6364	FALSE	FALSE	FALSE	scad	0.0406	0.3412	11209	SCAD	TRUE	reported	0.00329191645845965	7.22804456459313e-10		Age at menopause	TRUE	reported	menopause	2	1	TRUE
rs156520	A	C	A	C	-0.0291941951576309	0.0604	0.2841	0.2887	FALSE	FALSE	FALSE	scad	0.0424	0.1545	11209	SCAD	TRUE	reported	0.00408710343271928	8.32921996642435e-12		Age at menopause	TRUE	reported	menopause	2	1	TRUE
rs1635501	T	C	T	C	-0.0337350104533163	0.0297	0.5298	0.5339	FALSE	FALSE	FALSE	scad	0.0393	0.4501	11209	SCAD	TRUE	reported	0.0028804564935752	1.64168621750651e-30		Age at menopause	TRUE	reported	menopause	2	1	TRUE
rs16852403	C	T	C	T	0.0264021414980075	0.0607	0.2	0.1955	FALSE	FALSE	FALSE	scad	0.0487	0.2125	11209	SCAD	TRUE	reported	0.00453229432128892	4.27765754137225e-08		Age at menopause	TRUE	reported	menopause	2	1	TRUE
rs16944102	C	T	C	T	0.0235069142253778	-0.0791	0.2	0.1952	FALSE	FALSE	FALSE	scad	0.0494	0.1096	11209	SCAD	TRUE	reported	0.00322412739748584	2.8637438081805e-12		Age at menopause	TRUE	reported	menopause	2	1	TRUE
rs16991615	A	G	A	G	-0.130668761316191	-0.0633	0.06554	0.0687	FALSE	FALSE	FALSE	scad	0.0928	0.4957	11209	SCAD	TRUE	reported	0.00304298948722548	1e-200		Age at menopause	TRUE	reported	menopause	2	1	TRUE
rs17124881	C	T	C	T	0.0225195174776559	0.0068	0.1706	0.1788	FALSE	FALSE	FALSE	scad	0.0666	0.9185	11209	SCAD	TRUE	reported	0.00318934816801787	1.49274382536805e-11		Age at menopause	TRUE	reported	menopause	2	1	TRUE
rs17152903	G	A	G	A	0.0268393451402462	0.0326	0.05534	0.0553	FALSE	FALSE	FALSE	scad	0.0856	0.7031	11209	SCAD	TRUE	reported	0.00284083548003384	4.14639039823158e-20		Age at menopause	TRUE	reported	menopause	2	1	TRUE
rs17180987	A	G	A	G	-0.0206248941172934	0.024	0.01834	0.0165999999999999	FALSE	FALSE	FALSE	scad	0.1947	0.9021	11209	SCAD	TRUE	reported	0.00349485854101351	2.73697287875746e-08		Age at menopause	TRUE	reported	menopause	2	1	TRUE
rs17184448	G	A	G	A	0.0179143651761717	-0.0223	0.5348	0.5222	FALSE	FALSE	FALSE	scad	0.0385	0.5626	11209	SCAD	TRUE	reported	0.0029178248632161	6.52562891797615e-09		Age at menopause	TRUE	reported	menopause	2	1	TRUE
rs1760940	C	A	C	A	0.0356462906623828	-0.0217	0.2473	0.236	FALSE	FALSE	FALSE	scad	0.047	0.6447	11209	SCAD	TRUE	reported	0.00291847681773956	4.03234497309608e-33		Age at menopause	TRUE	reported	menopause	2	1	TRUE
rs176415	A	G	A	G	0.0239798329063892	0.0535	0.3242	0.3327	FALSE	FALSE	FALSE	scad	0.0427	0.2105	11209	SCAD	TRUE	reported	0.00336171687665633	8.93233356239328e-12		Age at menopause	TRUE	reported	menopause	2	1	TRUE
rs17650301	C	A	C	A	0.0444337582662589	-0.0104	0.2933	0.2958	FALSE	FALSE	FALSE	scad	0.0505	0.8364	11209	SCAD	TRUE	reported	0.00340314881327293	9.58350544209332e-38		Age at menopause	TRUE	reported	menopause	2	1	TRUE
rs17856037	T	C	T	C	0.031672837052356	0.0915	0.02524	0.0266999999999999	FALSE	FALSE	FALSE	scad	0.1371	0.5044	11209	SCAD	TRUE	reported	0.00403271469705809	4.02987837797275e-14		Age at menopause	TRUE	reported	menopause	2	1	TRUE
rs1826838	C	T	C	T	-0.0227137307588362	-0.0109	0.3768	0.3734	FALSE	FALSE	FALSE	scad	0.0409	0.7893	11209	SCAD	TRUE	reported	0.00283562307458503	1.16770446234404e-14		Age at menopause	TRUE	reported	menopause	2	1	TRUE
rs1868672	C	T	C	T	-0.0263541359380439	0.0091	0.6331	0.6393	FALSE	FALSE	FALSE	scad	0.0405	0.8215	11209	SCAD	TRUE	reported	0.00298234028614285	1.10522380495745e-17		Age at menopause	TRUE	reported	menopause	2	1	TRUE
rs1973707	C	T	C	T	0.0170357199116085	-0.0222	0.8845	0.881	FALSE	FALSE	FALSE	scad	0.0607	0.714	11209	SCAD	TRUE	reported	0.0028953629862008	3.03789158746404e-08		Age at menopause	TRUE	reported	menopause	2	1	TRUE
rs2047681	A	G	A	G	0.0386522557141505	-0.0787	0.8211	0.8248	FALSE	FALSE	FALSE	scad	0.0532	0.1391	11209	SCAD	TRUE	reported	0.0029460993211367	4.19360292478394e-38		Age at menopause	TRUE	reported	menopause	2	1	TRUE
rs2061834	G	T	G	T	-0.020892643836315	-0.0748	0.8117	0.797	FALSE	FALSE	FALSE	scad	0.0578	0.1958	11209	SCAD	TRUE	reported	0.00303104373038641	4.81861277405655e-11		Age at menopause	TRUE	reported	menopause	2	1	TRUE
rs2075770	T	G	T	G	-0.0194689395603006	-0.02	0.4796	0.4783	FALSE	FALSE	FALSE	scad	0.0389	0.6083	11209	SCAD	TRUE	reported	0.00334487092042313	4.39894457582061e-08		Age at menopause	TRUE	reported	menopause	2	1	TRUE
rs2266973	T	C	T	C	0.0265553157107973	0.0748	0.1172	0.118	FALSE	FALSE	FALSE	scad	0.0601	0.2138	11209	SCAD	TRUE	reported	0.00297121153675405	4.51199696058202e-18		Age at menopause	TRUE	reported	menopause	2	1	TRUE
rs2274554	A	G	A	G	0.0284556402536727	0.01	0.4161	0.4115	FALSE	FALSE	FALSE	scad	0.0397	0.8006	11209	SCAD	TRUE	reported	0.00352097866084935	6.56335244869141e-15		Age at menopause	TRUE	reported	menopause	2	1	TRUE
rs2277339	G	T	G	T	0.0579580705237696	0.145	0.1039	0.1038	FALSE	FALSE	FALSE	scad	0.0619	0.01905	11209	SCAD	TRUE	reported	0.00296109620822665	6.43949820124131e-84		Age at menopause	TRUE	reported	menopause	2	1	TRUE
rs2286028	C	G	C	G	0.0245294023090348	-0.0168	0.1997	0.196	FALSE	TRUE	FALSE	scad	0.0493	0.7324	11209	SCAD	TRUE	reported	0.00291471530828782	4.1756242128768e-16		Age at menopause	TRUE	reported	menopause	2	1	TRUE
rs2376898	A	T	A	T	0.0251203225889105	-0.0612	0.2247	0.2305	FALSE	TRUE	FALSE	scad	0.0474	0.1964	11209	SCAD	TRUE	reported	0.00307417414513367	3.16719057335196e-15		Age at menopause	TRUE	reported	menopause	2	1	TRUE
rs2402948	T	C	T	C	0.0189069645674777	-0.0268	0.2061	0.2144	FALSE	FALSE	FALSE	scad	0.0496	0.588	11209	SCAD	TRUE	reported	0.00304691587377977	4.35149335662025e-09		Age at menopause	TRUE	reported	menopause	2	1	TRUE
rs242060	T	C	T	C	-0.0193596982713167	0.0126	0.4952	0.5026	FALSE	FALSE	FALSE	scad	0.0387	0.7457	11209	SCAD	TRUE	reported	0.00302532250171966	1.28180622812738e-09		Age at menopause	TRUE	reported	menopause	2	1	TRUE
rs2519688	A	C	A	C	0.0320627094685476	0.0107	0.6288	0.6254	FALSE	FALSE	FALSE	scad	0.0411	0.7949	11209	SCAD	TRUE	reported	0.00318501648465321	9.87398889711491e-23		Age at menopause	TRUE	reported	menopause	2	1	TRUE
rs2688194	C	T	C	T	-0.0243121879346807	-0.0175	0.08391	0.0913	FALSE	FALSE	FALSE	scad	0.0678	0.7961	11209	SCAD	TRUE	reported	0.0030857643205019	3.31438784011439e-14		Age at menopause	TRUE	reported	menopause	2	1	TRUE
rs2720688	C	T	C	T	-0.0223219158773973	-0.0328	0.7819	0.7869	FALSE	FALSE	FALSE	scad	0.047	0.486	11209	SCAD	TRUE	reported	0.00291560173561744	1.87059591448171e-13		Age at menopause	TRUE	reported	menopause	2	1	TRUE
rs2844466	C	T	C	T	0.0586616661864045	-0.0053	0.3566	0.3503	FALSE	FALSE	FALSE	scad	0.0478	0.9117	11209	SCAD	TRUE	reported	0.002996755591752	6.20707069632408e-84		Age at menopause	TRUE	reported	menopause	2	1	TRUE
rs28625019	A	G	A	G	0.0364503207915873	-0.0108	0.1936	0.1898	FALSE	FALSE	FALSE	scad	0.0597	0.8569	11209	SCAD	TRUE	reported	0.00302521541515555	2.99071616099031e-32		Age at menopause	TRUE	reported	menopause	2	1	TRUE
rs2862954	C	T	C	T	-0.0233378149680771	-0.0408	0.4979	0.4833	FALSE	FALSE	FALSE	scad	0.0389	0.2942	11209	SCAD	TRUE	reported	0.00301403212259793	9.57106862532884e-14		Age at menopause	TRUE	reported	menopause	2	1	TRUE
rs28684628	A	T	A	T	0.029097378440405	-0.0889	0.3968	0.3996	FALSE	TRUE	FALSE	scad	0.0407	0.02877	11209	SCAD	TRUE	reported	0.00414981796018006	2.10917920349749e-11		Age at menopause	TRUE	reported	menopause	2	1	TRUE
rs28702649	T	C	T	C	-0.0243679676787461	0.059	0.2846	0.2929	FALSE	FALSE	FALSE	scad	0.0463	0.2026	11209	SCAD	TRUE	reported	0.00365434903358594	2.21076137174255e-10		Age at menopause	TRUE	reported	menopause	2	1	TRUE
rs28797500	C	T	C	T	-0.0784803146833968	0.0275	0.7757	0.7831	FALSE	FALSE	FALSE	scad	0.0638	0.6667	11209	SCAD	TRUE	reported	0.00321524638880466	4.22592370990722e-130		Age at menopause	TRUE	reported	menopause	2	1	TRUE
rs2905065	T	C	T	C	-0.0266166815462307	0.0544	0.6744	0.6739	FALSE	FALSE	FALSE	scad	0.0418	0.1928	11209	SCAD	TRUE	reported	0.00322809091458338	1.72637859030497e-15		Age at menopause	TRUE	reported	menopause	2	1	TRUE
rs2940324	A	G	A	G	0.0396705164304832	-0.0217	0.4675	0.4852	FALSE	FALSE	FALSE	scad	0.04	0.5874	11209	SCAD	TRUE	reported	0.00283652877230964	3.36307035248909e-43		Age at menopause	TRUE	reported	menopause	2	1	TRUE
rs343999	C	T	C	T	0.0219991176866993	-0.0989	0.4492	0.4592	FALSE	FALSE	FALSE	scad	0.0388	0.01086	11209	SCAD	TRUE	reported	0.0028999842339287	3.19099838602905e-13		Age at menopause	TRUE	reported	menopause	2	1	TRUE
rs34492359	A	G	A	G	-0.0200158380692045	-0.0473	0.2214	0.2159	FALSE	FALSE	FALSE	scad	0.057	0.4063	11209	SCAD	TRUE	reported	0.00302223683226592	2.98841429906707e-10		Age at menopause	TRUE	reported	menopause	2	1	TRUE
rs34583339	C	G	C	G	0.0187302928467106	0.0036	0.147	0.1543	FALSE	TRUE	FALSE	scad	0.0545	0.9472	11209	SCAD	TRUE	reported	0.00293094065017615	1.35495254823185e-09		Age at menopause	TRUE	reported	menopause	2	1	TRUE
rs34811474	A	G	A	G	0.0265945103139175	0.0889	0.2313	0.2282	FALSE	FALSE	FALSE	scad	0.0598	0.137	11209	SCAD	TRUE	reported	0.00299661617564727	7.8858998395408e-18		Age at menopause	TRUE	reported	menopause	2	1	TRUE
rs349306	A	G	A	G	-0.0351071771963569	0.1764	0.8779	0.8667	FALSE	FALSE	FALSE	scad	0.0834	0.03444	11209	SCAD	TRUE	reported	0.00318370859264473	3.9391678153037e-27		Age at menopause	TRUE	reported	menopause	2	1	TRUE
rs34978822	G	C	G	C	-0.0307371335890883	0.1874	0.02087	0.0194	FALSE	TRUE	FALSE	scad	0.1423	0.1878	11209	SCAD	TRUE	reported	0.00296683825234764	4.92751711704589e-24		Age at menopause	TRUE	reported	menopause	2	1	TRUE
rs35308241	A	T	A	T	-0.0397585655083779	-0.0564	0.1385	0.14	FALSE	TRUE	FALSE	scad	0.0575	0.3266	11209	SCAD	TRUE	reported	0.00312848775817112	8.4939212917528e-36		Age at menopause	TRUE	reported	menopause	2	1	TRUE
rs353474	A	G	A	G	-0.0836644757237285	-0.0618	0.4832	0.489	FALSE	FALSE	FALSE	scad	0.0387	0.1109	11209	SCAD	TRUE	reported	0.00287567613385809	1.56791783045446e-184		Age at menopause	TRUE	reported	menopause	2	1	TRUE
rs35909580	G	A	G	A	0.0203644187835783	-0.1515	0.1624	0.1601	FALSE	FALSE	FALSE	scad	0.0543	0.005283	11209	SCAD	TRUE	reported	0.00283933455395606	6.75600826606194e-12		Age at menopause	TRUE	reported	menopause	2	1	TRUE
rs35958630	C	T	C	T	-0.0178602796978944	0.0191	0.2676	0.2791	FALSE	FALSE	FALSE	scad	0.0432	0.6587	11209	SCAD	TRUE	reported	0.00285806023619937	3.31246973120685e-09		Age at menopause	TRUE	reported	menopause	2	1	TRUE
rs35997018	T	C	T	C	0.0423409223140713	-0.0024	0.4535	0.4598	FALSE	FALSE	FALSE	scad	0.0392	0.9501	11209	SCAD	TRUE	reported	0.00296333963556007	4.66159938752833e-45		Age at menopause	TRUE	reported	menopause	2	1	TRUE
rs36228499	A	C	A	C	-0.0304577383005576	0.0456	0.441	0.4544	FALSE	FALSE	FALSE	scad	0.0389	0.2409	11209	SCAD	TRUE	reported	0.00464875348414409	4.77197214753869e-10		Age at menopause	TRUE	reported	menopause	2	1	TRUE
rs3736830	C	G	C	G	-0.0220582642954859	0.1067	0.8534	0.836	FALSE	TRUE	FALSE	scad	0.0537	0.04683	11209	SCAD	TRUE	reported	0.00282059847601226	5.24202581179004e-14		Age at menopause	TRUE	reported	menopause	2	1	TRUE
rs3739029	C	T	C	T	0.0240130950245674	-0.0515	0.3716	0.4257	FALSE	FALSE	FALSE	scad	0.0405	0.2033	11209	SCAD	TRUE	reported	0.00284605305219042	3.48014606924682e-16		Age at menopause	TRUE	reported	menopause	2	1	TRUE
rs3758274	C	T	C	T	0.0232909290522107	-0.0918	0.3742	0.3749	FALSE	FALSE	FALSE	scad	0.0395	0.02033	11209	SCAD	TRUE	reported	0.00317050047753708	1.9120212114544e-12		Age at menopause	TRUE	reported	menopause	2	1	TRUE
rs377137	G	T	G	T	0.0371928086566788	-0.0065	0.3448	0.3385	FALSE	FALSE	FALSE	scad	0.0408	0.8731	11209	SCAD	TRUE	reported	0.00329240366805298	1.94709995857091e-28		Age at menopause	TRUE	reported	menopause	2	1	TRUE
rs3803869	T	G	T	G	-0.0202249643886468	-0.0262	0.7319	0.716	FALSE	FALSE	FALSE	scad	0.0468	0.575	11209	SCAD	TRUE	reported	0.00322343588707401	2.82789603337126e-09		Age at menopause	TRUE	reported	menopause	2	1	TRUE
rs394448	C	G	C	G	0.0250779183604674	-0.0647	0.5139	0.5149	FALSE	TRUE	TRUE	scad	0.0387	0.0946	11209	SCAD	TRUE	reported	0.00287248724933722	2.81268405397702e-17		Age at menopause	TRUE	reported	menopause	2	1	FALSE
rs4006560	A	G	A	G	-0.0176677292554938	0.1083	0.05788	0.0584	FALSE	FALSE	FALSE	scad	0.0982	0.2699	11209	SCAD	TRUE	reported	0.00300275964670213	3.03723985998353e-08		Age at menopause	TRUE	reported	menopause	2	1	TRUE
rs407307	G	A	G	A	-0.0326825084736272	-0.069	0.6809	0.6675	FALSE	FALSE	FALSE	scad	0.0412	0.09412	11209	SCAD	TRUE	reported	0.00326176181627461	1.58048480290003e-22		Age at menopause	TRUE	reported	menopause	2	1	TRUE
rs4239488	C	T	C	T	0.0236719468738375	-0.031	0.626	0.6069	FALSE	FALSE	FALSE	scad	0.0398	0.4359	11209	SCAD	TRUE	reported	0.00284418287175857	9.07700869402061e-16		Age at menopause	TRUE	reported	menopause	2	1	TRUE
rs4275190	T	C	T	C	0.0269178603302741	0.0195	0.6995	0.6886	FALSE	FALSE	FALSE	scad	0.0496	0.6944	11209	SCAD	TRUE	reported	0.0032956081824003	3.26192741716183e-15		Age at menopause	TRUE	reported	menopause	2	1	TRUE
rs4394933	G	A	G	A	0.0220637462846814	0.0338	0.4053	0.4083	FALSE	FALSE	FALSE	scad	0.0394	0.3918	11209	SCAD	TRUE	reported	0.00293909684110657	5.79050132456113e-13		Age at menopause	TRUE	reported	menopause	2	1	TRUE
rs4491723	G	A	G	A	-0.026697478351358	5e-04	0.262	0.2701	FALSE	FALSE	FALSE	scad	0.0477	0.9916	11209	SCAD	TRUE	reported	0.00297678658862801	3.41791222182946e-18		Age at menopause	TRUE	reported	menopause	2	1	TRUE
rs4495657	C	T	C	T	-0.0352984715241707	0.0685	0.5973	0.5904	FALSE	FALSE	FALSE	scad	0.0396	0.08344	11209	SCAD	TRUE	reported	0.00300400433518683	1.04158764829115e-30		Age at menopause	TRUE	reported	menopause	2	1	TRUE
rs45547534	G	A	G	A	0.0225925485100957	0.0879	0.01801	0.0167	FALSE	FALSE	FALSE	scad	0.1873	0.6389	11209	SCAD	TRUE	reported	0.0027949667618886	6.48132663584483e-15		Age at menopause	TRUE	reported	menopause	2	1	TRUE
rs45557033	G	A	G	A	-0.019605058884363	-0.18	0.03116	0.0301	FALSE	FALSE	FALSE	scad	0.1654	0.2764	11209	SCAD	TRUE	reported	0.00316847285077006	4.85703296003286e-09		Age at menopause	TRUE	reported	menopause	2	1	TRUE
rs456311	A	G	A	G	0.0185920179954407	0.0726	0.269	0.2747	FALSE	FALSE	FALSE	scad	0.0436	0.09642	11209	SCAD	TRUE	reported	0.00318428231709173	3.95731483367051e-08		Age at menopause	TRUE	reported	menopause	2	1	TRUE
rs4575545	A	G	A	G	-0.0239387562778879	-0.0193	0.3048	0.315	FALSE	FALSE	FALSE	scad	0.042	0.6455	11209	SCAD	TRUE	reported	0.00351074611870151	8.01279447443631e-11		Age at menopause	TRUE	reported	menopause	2	1	TRUE
rs4628168	T	C	T	C	0.0306740144370537	-0.0899	0.6591	0.6526	FALSE	FALSE	FALSE	scad	0.0528	0.0883	11209	SCAD	TRUE	reported	0.00295900486461243	4.62587726902128e-24		Age at menopause	TRUE	reported	menopause	2	1	TRUE
rs4679121	T	C	T	C	0.0308321008054696	-0.0078	0.1029	0.1026	FALSE	FALSE	FALSE	scad	0.0734	0.9153	11209	SCAD	TRUE	reported	0.00311392345451098	5.14657712448551e-22		Age at menopause	TRUE	reported	menopause	2	1	TRUE
rs4767833	G	A	G	A	-0.0186989196937765	-0.0315	0.4437	0.4474	FALSE	FALSE	FALSE	scad	0.0391	0.4203	11209	SCAD	TRUE	reported	0.00289519208868132	8.74972620012145e-10		Age at menopause	TRUE	reported	menopause	2	1	TRUE
rs4782369	C	G	C	G	-0.0229232576582368	0.0445	0.3269	0.3212	FALSE	TRUE	FALSE	scad	0.0415	0.2833	11209	SCAD	TRUE	reported	0.00292743459606166	4.84465897339284e-14		Age at menopause	TRUE	reported	menopause	2	1	TRUE
rs4796300	C	G	C	G	0.0168443036095412	0.0106	0.1417	0.1381	FALSE	TRUE	FALSE	scad	0.0662	0.8728	11209	SCAD	TRUE	reported	0.00286044276111254	2.95133442148652e-08		Age at menopause	TRUE	reported	menopause	2	1	TRUE
rs4803936	A	G	A	G	-0.0239611029629492	-0.01	0.3047	0.3038	FALSE	FALSE	FALSE	scad	0.0421	0.8125	11209	SCAD	TRUE	reported	0.00378203302037243	1.92308531225794e-09		Age at menopause	TRUE	reported	menopause	2	1	TRUE
rs485020	G	C	G	C	0.0286665772608601	0.0049	0.1559	0.1516	FALSE	TRUE	FALSE	scad	0.0544	0.9275	11209	SCAD	TRUE	reported	0.0044884675296712	1.38844047280835e-09		Age at menopause	TRUE	reported	menopause	2	1	TRUE
rs4852777	C	G	C	G	0.022669845049993	-0.1474	0.5957	0.5981	FALSE	TRUE	FALSE	scad	0.0428	0.0005708	11209	SCAD	TRUE	reported	0.00353878086460964	1.22641697629378e-09		Age at menopause	TRUE	reported	menopause	2	1	TRUE
rs4861156	G	A	G	A	0.0187436954717417	-0.1228	0.1268	0.1319	FALSE	FALSE	FALSE	scad	0.0578	0.03354	11209	SCAD	TRUE	reported	0.00287100046145265	5.55309707420965e-10		Age at menopause	TRUE	reported	menopause	2	1	TRUE
rs4972504	C	T	C	T	-0.0231620825722534	0.0368	0.6975	0.6937	FALSE	FALSE	FALSE	scad	0.0418	0.3787	11209	SCAD	TRUE	reported	0.00332364100415209	2.845488212011e-11		Age at menopause	TRUE	reported	menopause	2	1	TRUE
rs4985075	T	A	T	A	0.0268657992129178	-0.0249	0.5564	0.5549	FALSE	TRUE	TRUE	scad	0.0403	0.5376	11209	SCAD	TRUE	reported	0.00312046112762804	8.01792469941358e-17		Age at menopause	TRUE	reported	menopause	2	1	FALSE
rs5030755	G	A	G	A	0.021127434822034	-0.0188	0.1186	0.1097	FALSE	FALSE	FALSE	scad	0.0768	0.8068	11209	SCAD	TRUE	reported	0.00290737566794851	3.41281261734552e-12		Age at menopause	TRUE	reported	menopause	2	1	TRUE
rs516395	C	T	C	T	-0.0187236823720287	0.0228	0.5643	0.5422	FALSE	FALSE	FALSE	scad	0.0402	0.57	11209	SCAD	TRUE	reported	0.00286710143053456	5.48469564463202e-10		Age at menopause	TRUE	reported	menopause	2	1	TRUE
rs528389	G	T	G	T	-0.0168841374670891	-0.0532	0.5809	0.5781	FALSE	FALSE	FALSE	scad	0.0391	0.1742	11209	SCAD	TRUE	reported	0.00289226377794928	3.98035990591956e-08		Age at menopause	TRUE	reported	menopause	2	1	TRUE
rs55873183	G	A	G	A	-0.0184927465041581	0.0142	0.07062	0.0739	FALSE	FALSE	FALSE	scad	0.0878	0.8716	11209	SCAD	TRUE	reported	0.00308357277980536	1.54896361190098e-08		Age at menopause	TRUE	reported	menopause	2	1	TRUE
rs56103105	T	A	T	A	0.0285793203727195	0.0893	0.1426	0.1473	FALSE	TRUE	FALSE	scad	0.0535	0.09524	11209	SCAD	TRUE	reported	0.00308890159750781	2.57786149443006e-19		Age at menopause	TRUE	reported	menopause	2	1	TRUE
rs593066	C	G	C	G	0.031195053139092	0.0413	0.8236	0.8202	FALSE	TRUE	FALSE	scad	0.0522	0.4283	11209	SCAD	TRUE	reported	0.00391894135845963	1.74163220982278e-14		Age at menopause	TRUE	reported	menopause	2	1	TRUE
rs60375899	A	G	A	G	0.0199673243771248	0.0559	0.1303	0.1281	FALSE	FALSE	FALSE	scad	0.0592	0.3443	11209	SCAD	TRUE	reported	0.00287730056818576	3.48821234247255e-11		Age at menopause	TRUE	reported	menopause	2	1	TRUE
rs6054323	T	G	T	G	0.0262515050299336	-0.0215	0.2379	0.2272	FALSE	FALSE	FALSE	scad	0.0461	0.6412	11209	SCAD	TRUE	reported	0.00425365401692448	5.36257735482376e-09		Age at menopause	TRUE	reported	menopause	2	1	TRUE
rs60897342	T	C	T	C	-0.0179940087856651	-0.049	0.4746	0.459	FALSE	FALSE	FALSE	scad	0.04	0.2207	11209	SCAD	TRUE	reported	0.00288276101600907	3.46386647645845e-09		Age at menopause	TRUE	reported	menopause	2	1	TRUE
rs6126124	A	G	A	G	0.0196812964663599	0.0429	0.2633	0.2674	FALSE	FALSE	FALSE	scad	0.0479	0.3697	11209	SCAD	TRUE	reported	0.00305468352169352	9.67735457052224e-10		Age at menopause	TRUE	reported	menopause	2	1	TRUE
rs6139074	C	A	C	A	0.0310318539121789	-0.0315	0.2052	0.197	FALSE	FALSE	FALSE	scad	0.0494	0.5232	11209	SCAD	TRUE	reported	0.00285675026675118	2.38386372077909e-26		Age at menopause	TRUE	reported	menopause	2	1	TRUE
rs61735519	C	G	C	G	0.0297600846675443	0.1415	0.05663	0.0528	FALSE	TRUE	FALSE	scad	0.0834	0.08999	11209	SCAD	TRUE	reported	0.00280328902754307	3.36525714504271e-25		Age at menopause	TRUE	reported	menopause	2	1	TRUE
rs61952231	C	A	C	A	0.0300235286412939	-0.0056	0.1213	0.1199	FALSE	FALSE	FALSE	scad	0.0599	0.9249	11209	SCAD	TRUE	reported	0.00323155156425573	1.8042139585328e-19		Age at menopause	TRUE	reported	menopause	2	1	TRUE
rs62445870	T	C	T	C	-0.0238806926956976	-0.0547	0.02267	0.0248	FALSE	FALSE	FALSE	scad	0.1576	0.7287	11209	SCAD	TRUE	reported	0.00283170321099373	3.59958653602565e-16		Age at menopause	TRUE	reported	menopause	2	1	TRUE
rs632376	G	A	G	A	-0.0254337586707935	0.0861	0.4201	0.4118	FALSE	FALSE	FALSE	scad	0.0388	0.02661	11209	SCAD	TRUE	reported	0.00293034187259688	4.38202885567931e-17		Age at menopause	TRUE	reported	menopause	2	1	TRUE
rs6532842	C	T	C	T	0.0235335579443282	-0.005	0.2978	0.3063	FALSE	FALSE	FALSE	scad	0.0421	0.9047	11209	SCAD	TRUE	reported	0.00306916188513477	1.70989405952138e-13		Age at menopause	TRUE	reported	menopause	2	1	TRUE
rs6544660	T	C	T	C	0.0208031377870239	0.0613	0.5488	0.5425	FALSE	FALSE	FALSE	scad	0.0391	0.117	11209	SCAD	TRUE	reported	0.00303551541498808	6.32770001988137e-11		Age at menopause	TRUE	reported	menopause	2	1	TRUE
rs66515989	A	G	A	G	-0.0233928708959288	0.0379	0.2149	0.2078	FALSE	FALSE	FALSE	scad	0.0523	0.4681	11209	SCAD	TRUE	reported	0.0035206684618329	2.58974250382767e-10		Age at menopause	TRUE	reported	menopause	2	1	TRUE
rs6702452	G	A	G	A	0.0193272224806158	-0.0312	0.6669	0.6623	FALSE	FALSE	FALSE	scad	0.0409	0.4448	11209	SCAD	TRUE	reported	0.0028523559082083	1.0720507039945e-10		Age at menopause	TRUE	reported	menopause	2	1	TRUE
rs6727266	G	A	G	A	-0.017462032572164	0.0098	0.5021	0.499	FALSE	FALSE	FALSE	scad	0.0431	0.8194	11209	SCAD	TRUE	reported	0.00294158872430425	2.22797971931842e-08		Age at menopause	TRUE	reported	menopause	2	1	TRUE
rs6738541	C	T	C	T	0.0235794645475807	0.007	0.2552	0.2504	FALSE	FALSE	FALSE	scad	0.0446	0.8751	11209	SCAD	TRUE	reported	0.00347575474133015	1.01473904873852e-10		Age at menopause	TRUE	reported	menopause	2	1	TRUE
rs67567469	A	G	A	G	-0.0298361726905225	-0.0071	0.04214	0.0377999999999999	FALSE	FALSE	FALSE	scad	0.1036	0.9451	11209	SCAD	TRUE	reported	0.00304370654393018	1.36208029602137e-21		Age at menopause	TRUE	reported	menopause	2	1	TRUE
rs6760293	T	A	T	A	-0.0400316805218827	-0.0508	0.6271	0.6276	FALSE	TRUE	FALSE	scad	0.0401	0.2059	11209	SCAD	TRUE	reported	0.00324068078309238	7.32505676916064e-34		Age at menopause	TRUE	reported	menopause	2	1	TRUE
rs6858218	T	C	T	C	-0.0724261058472624	2.2250738585072e-308	0.4924	0.49	FALSE	FALSE	FALSE	scad	0.0388	0.9994	11209	SCAD	TRUE	reported	0.00295874803402616	7.66697491129418e-131		Age at menopause	TRUE	reported	menopause	2	1	TRUE
rs6914805	T	C	T	C	-0.0206418121896065	0.0576	0.2641	0.2637	FALSE	FALSE	FALSE	scad	0.0509	0.2574	11209	SCAD	TRUE	reported	0.00325757987576393	1.91045937671548e-09		Age at menopause	TRUE	reported	menopause	2	1	TRUE
rs6916941	G	A	G	A	-0.024647956492417	0.0505	0.3116	0.3114	FALSE	FALSE	FALSE	scad	0.0424	0.2331	11209	SCAD	TRUE	reported	0.00309328836314179	1.63238814376911e-14		Age at menopause	TRUE	reported	menopause	2	1	TRUE
rs6927873	A	G	A	G	0.0205150201663451	0.1076	0.2796	0.2749	FALSE	FALSE	FALSE	scad	0.0421	0.01061	11209	SCAD	TRUE	reported	0.00285499908603725	6.13646143808411e-12		Age at menopause	TRUE	reported	menopause	2	1	TRUE
rs7001466	G	A	G	A	0.0233530510885279	-0.0482	0.314	0.324	FALSE	FALSE	FALSE	scad	0.0417	0.2485	11209	SCAD	TRUE	reported	0.00307634472045681	3.06695965659153e-13		Age at menopause	TRUE	reported	menopause	2	1	TRUE
rs7087644	G	A	G	A	0.0395939442973453	0.0099	0.03978	0.0416	FALSE	FALSE	FALSE	scad	0.0975	0.9188	11209	SCAD	TRUE	reported	0.00336164693871627	7.52221685186509e-31		Age at menopause	TRUE	reported	menopause	2	1	TRUE
rs7119933	C	A	C	A	-0.0182238124254625	0.0468	0.1744	0.1782	FALSE	FALSE	FALSE	scad	0.0511	0.3594	11209	SCAD	TRUE	reported	0.0028796736603392	2.01124587375288e-09		Age at menopause	TRUE	reported	menopause	2	1	TRUE
rs71333873	T	C	T	C	0.0304037335142001	0.0199	0.4707	0.463	FALSE	FALSE	FALSE	scad	0.04	0.6185	11209	SCAD	TRUE	reported	0.00367014713385551	1.25347380472515e-15		Age at menopause	TRUE	reported	menopause	2	1	TRUE
rs720060	C	T	C	T	-0.0228588380065794	0.0705	0.3174	0.3245	FALSE	FALSE	FALSE	scad	0.0414	0.08871	11209	SCAD	TRUE	reported	0.00311221680446362	1.9298445693114e-12		Age at menopause	TRUE	reported	menopause	2	1	TRUE
rs7214125	A	G	A	G	-0.0194906632366252	-0.0132	0.2266	0.23	FALSE	FALSE	FALSE	scad	0.0459	0.7736	11209	SCAD	TRUE	reported	0.00286266034873788	8.58510292136897e-11		Age at menopause	TRUE	reported	menopause	2	1	TRUE
rs72764632	T	C	T	C	-0.028658555582622	0.0174	0.07284	0.0733	FALSE	FALSE	FALSE	scad	0.0758	0.818	11209	SCAD	TRUE	reported	0.00473464638911024	1.10694876970821e-08		Age at menopause	TRUE	reported	menopause	2	1	TRUE
rs72819512	A	G	A	G	0.0460966731713806	-0.0083	0.3777	0.371	FALSE	FALSE	FALSE	scad	0.0395	0.8328	11209	SCAD	TRUE	reported	0.0030250218142787	3.76787773508797e-51		Age at menopause	TRUE	reported	menopause	2	1	TRUE
rs72827480	C	T	C	T	-0.0315415521907922	-0.0619	0.4037	0.4036	FALSE	FALSE	FALSE	scad	0.0397	0.1191	11209	SCAD	TRUE	reported	0.00306070928354625	8.69157919967317e-24		Age at menopause	TRUE	reported	menopause	2	1	TRUE
rs728900	A	T	A	T	0.0432226666265931	0.0452	0.4198	0.4266	FALSE	TRUE	TRUE	scad	0.04	0.2587	11209	SCAD	TRUE	reported	0.00384937044081929	4.19018743165636e-28		Age at menopause	TRUE	reported	menopause	2	1	FALSE
rs73037453	T	C	T	C	0.0222759833704429	0.0454	0.19	0.1841	FALSE	FALSE	FALSE	scad	0.05	0.3634	11209	SCAD	TRUE	reported	0.00304561014662317	2.41762271087231e-12		Age at menopause	TRUE	reported	menopause	2	1	TRUE
rs73177525	C	G	C	G	-0.0326714642935509	-0.0905	0.2414	0.2479	FALSE	TRUE	FALSE	scad	0.0453	0.0458	11209	SCAD	TRUE	reported	0.00302623109208435	4.90094960329146e-26		Age at menopause	TRUE	reported	menopause	2	1	TRUE
rs7322160	C	T	C	T	-0.0449480049853759	0.0522	0.3283	0.3289	FALSE	FALSE	FALSE	scad	0.0413	0.2062	11209	SCAD	TRUE	reported	0.0032426549722024	1.89311962515334e-42		Age at menopause	TRUE	reported	menopause	2	1	TRUE
rs74774557	G	A	G	A	0.0254687118121479	-0.026	0.2141	0.2147	FALSE	FALSE	FALSE	scad	0.0469	0.5791	11209	SCAD	TRUE	reported	0.0031258043673448	3.8370979069325e-15		Age at menopause	TRUE	reported	menopause	2	1	TRUE
rs7515406	A	C	A	C	0.0218174527817551	-0.0109	0.6354	0.6421	FALSE	FALSE	FALSE	scad	0.0422	0.7962	11209	SCAD	TRUE	reported	0.00287745831066395	3.28300253800537e-13		Age at menopause	TRUE	reported	menopause	2	1	TRUE
rs751996	C	G	C	G	0.0189771600139907	-0.0051	0.4609	0.4613	FALSE	TRUE	TRUE	scad	0.0392	0.8957	11209	SCAD	TRUE	reported	0.0029029209623701	5.24849924054446e-10		Age at menopause	TRUE	reported	menopause	2	1	FALSE
rs7521072	T	C	T	C	0.0315934587226794	0.1249	0.4284	0.4274	FALSE	FALSE	FALSE	scad	0.0463	0.007002	11209	SCAD	TRUE	reported	0.00284671581829353	1.79432831365218e-27		Age at menopause	TRUE	reported	menopause	2	1	TRUE
rs75525300	G	A	G	A	-0.0340574694601114	-0.0671	0.1604	0.1538	FALSE	FALSE	FALSE	scad	0.0547	0.2194	11209	SCAD	TRUE	reported	0.0031696789318191	8.51795925124842e-26		Age at menopause	TRUE	reported	menopause	2	1	TRUE
rs75692439	G	T	G	T	-0.0250083295093943	-0.045	0.07813	0.0762	FALSE	FALSE	FALSE	scad	0.0754	0.5502	11209	SCAD	TRUE	reported	0.00289766179378784	6.69261408009844e-17		Age at menopause	TRUE	reported	menopause	2	1	TRUE
rs75770066	G	A	G	A	-0.0937898931429462	-0.2914	0.03291	0.0328	FALSE	FALSE	FALSE	scad	0.1599	0.06842	11209	SCAD	TRUE	reported	0.00300308460449569	1e-200		Age at menopause	TRUE	reported	menopause	2	1	TRUE
rs758130	G	A	G	A	0.0452948200276868	0.0736	0.3894	0.3884	FALSE	FALSE	FALSE	scad	0.0523	0.1589	11209	SCAD	TRUE	reported	0.00294727313560692	5.1594962397793e-52		Age at menopause	TRUE	reported	menopause	2	1	TRUE
rs7620272	A	G	A	G	-0.0185086274506043	0.0206	0.4375	0.4361	FALSE	FALSE	FALSE	scad	0.0389	0.5961	11209	SCAD	TRUE	reported	0.00304970338696892	1.00435428281971e-08		Age at menopause	TRUE	reported	menopause	2	1	TRUE
rs7661090	T	C	T	C	0.0354291108485845	-0.0292	0.1054	0.1132	FALSE	FALSE	FALSE	scad	0.0718	0.684	11209	SCAD	TRUE	reported	0.00390795931568733	1.42104666361819e-18		Age at menopause	TRUE	reported	menopause	2	1	TRUE
rs7688238	C	T	C	T	0.0221167353629008	-0.038	0.478	0.4753	FALSE	FALSE	FALSE	scad	0.0389	0.3275	11209	SCAD	TRUE	reported	0.0032580757584261	9.85573216263715e-11		Age at menopause	TRUE	reported	menopause	2	1	TRUE
rs77100210	C	A	C	A	-0.0484153508604393	0.0451	0.05065	0.0483	FALSE	FALSE	FALSE	scad	0.0958	0.6376	11209	SCAD	TRUE	reported	0.00299270181617	1.47202485804673e-57		Age at menopause	TRUE	reported	menopause	2	1	TRUE
rs7740107	A	T	A	T	-0.0241499814976191	-0.0674	0.7362	0.7371	FALSE	TRUE	FALSE	scad	0.0475	0.156	11209	SCAD	TRUE	reported	0.00311314513200483	8.56248852294446e-14		Age at menopause	TRUE	reported	menopause	2	1	TRUE
rs7744622	A	G	A	G	0.0384850416195483	0.0582	0.2569	0.2619	FALSE	FALSE	FALSE	scad	0.0443	0.1885	11209	SCAD	TRUE	reported	0.0029044779559489	7.5107516598021e-39		Age at menopause	TRUE	reported	menopause	2	1	TRUE
rs7776862	T	C	T	C	0.017889376497619	-0.0966	0.865	0.849	FALSE	FALSE	FALSE	scad	0.0553	0.08097	11209	SCAD	TRUE	reported	0.00283412552603754	2.22945247392851e-09		Age at menopause	TRUE	reported	menopause	2	1	TRUE
rs7783384	C	T	C	T	0.0245427220775488	-0.0749	0.6276	0.6239	FALSE	FALSE	FALSE	scad	0.0401	0.06188	11209	SCAD	TRUE	reported	0.00313916431516656	5.33237978994953e-14		Age at menopause	TRUE	reported	menopause	2	1	TRUE
rs77952879	C	G	C	G	0.0272182184499171	-0.159	0.07405	0.0744	FALSE	TRUE	FALSE	scad	0.0792	0.04473	11209	SCAD	TRUE	reported	0.00303735902368252	3.65267780336131e-18		Age at menopause	TRUE	reported	menopause	2	1	TRUE
rs78280366	C	G	C	G	-0.0167443993956234	-0.0286	0.07702	0.0831	FALSE	TRUE	FALSE	scad	0.0724	0.6928	11209	SCAD	TRUE	reported	0.0028222979134455	2.27289544280264e-08		Age at menopause	TRUE	reported	menopause	2	1	TRUE
rs783562	A	G	A	G	-0.0326229581762674	0.0129	0.3677	0.372	FALSE	FALSE	FALSE	scad	0.0405	0.7508	11209	SCAD	TRUE	reported	0.00340109113731146	1.0505759478342e-20		Age at menopause	TRUE	reported	menopause	2	1	TRUE
rs79175969	T	G	T	G	-0.0175473324260425	0.0183	0.09155	0.0927	FALSE	FALSE	FALSE	scad	0.0779	0.8144	11209	SCAD	TRUE	reported	0.00298691727269358	3.20417491839903e-08		Age at menopause	TRUE	reported	menopause	2	1	TRUE
rs7946546	A	G	A	G	-0.0176555757839219	-0.0443	0.5272	0.5151	FALSE	FALSE	FALSE	scad	0.0405	0.2738	11209	SCAD	TRUE	reported	0.00298479770447744	2.52459992220002e-08		Age at menopause	TRUE	reported	menopause	2	1	TRUE
rs795875	C	G	C	G	-0.0221372692942117	-0.0056	0.4545	0.4483	FALSE	TRUE	TRUE	scad	0.039	0.885	11209	SCAD	TRUE	reported	0.0035943930839521	5.79879130523536e-09		Age at menopause	TRUE	reported	menopause	2	1	FALSE
rs80030173	T	C	T	C	0.0243781775109906	0.0117	0.03691	0.0325	FALSE	FALSE	FALSE	scad	0.1453	0.9361	11209	SCAD	TRUE	reported	0.00331787372608005	1.89254191675366e-12		Age at menopause	TRUE	reported	menopause	2	1	TRUE
rs80142973	T	C	T	C	-0.0207285635027691	-0.0746	0.09029	0.0957	FALSE	FALSE	FALSE	scad	0.068	0.2726	11209	SCAD	TRUE	reported	0.00297611008952638	2.9239188533769e-11		Age at menopause	TRUE	reported	menopause	2	1	TRUE
rs80229812	T	C	T	C	-0.0214727097184729	0.1057	0.03131	0.0313	FALSE	FALSE	FALSE	scad	0.1097	0.3351	11209	SCAD	TRUE	reported	0.00309680146520772	3.63062067066009e-11		Age at menopause	TRUE	reported	menopause	2	1	TRUE
rs8045589	T	A	T	A	0.0257200697345127	-0.0367	0.487	0.4914	FALSE	TRUE	TRUE	scad	0.0432	0.3951	11209	SCAD	TRUE	reported	0.00388411748648891	3.00824630041973e-10		Age at menopause	TRUE	reported	menopause	2	1	FALSE
rs8094402	G	A	G	A	0.0171388297103492	-0.0303	0.3457	0.3448	FALSE	FALSE	FALSE	scad	0.0414	0.4643	11209	SCAD	TRUE	reported	0.00294735330933914	4.5431790821937e-08		Age at menopause	TRUE	reported	menopause	2	1	TRUE
rs8116139	T	C	T	C	-0.0241809401816979	-0.1013	0.06886	0.0642	FALSE	FALSE	FALSE	scad	0.0815	0.2138	11209	SCAD	TRUE	reported	0.00294019875164361	2.05361718303928e-15		Age at menopause	TRUE	reported	menopause	2	1	TRUE
rs8124538	A	G	A	G	0.0478957538513769	-0.0211	0.2115	0.2076	FALSE	FALSE	FALSE	scad	0.0492	0.6677	11209	SCAD	TRUE	reported	0.00305308554881992	3.62672411561773e-54		Age at menopause	TRUE	reported	menopause	2	1	TRUE
rs9358956	C	G	C	G	-0.0569434509860482	0.0206	0.8305	0.8262	FALSE	TRUE	FALSE	scad	0.052	0.6924	11209	SCAD	TRUE	reported	0.00302013322688087	6.38130718016255e-78		Age at menopause	TRUE	reported	menopause	2	1	TRUE
rs9423930	G	T	G	T	0.0187027441378139	-0.0505	0.6237	0.618	FALSE	FALSE	FALSE	scad	0.0395	0.2017	11209	SCAD	TRUE	reported	0.00289186715044833	8.26874101616284e-10		Age at menopause	TRUE	reported	menopause	2	1	TRUE
rs9430018	G	T	G	T	0.018668292345341	0.0143	0.56	0.5565	FALSE	FALSE	FALSE	scad	0.0385	0.7103	11209	SCAD	TRUE	reported	0.00282613168117041	3.34973911652667e-10		Age at menopause	TRUE	reported	menopause	2	1	TRUE
rs9439079	T	G	T	G	0.05591127305375	-0.0297	0.6802	0.6746	FALSE	FALSE	FALSE	scad	0.0417	0.476	11209	SCAD	TRUE	reported	0.00339622592870728	1.4066159953612e-59		Age at menopause	TRUE	reported	menopause	2	1	TRUE
rs9566657	C	G	C	G	0.0181634759169886	-0.0244	0.08027	0.0874	FALSE	TRUE	FALSE	scad	0.0809	0.7633	11209	SCAD	TRUE	reported	0.00283739278089175	1.26348871819101e-09		Age at menopause	TRUE	reported	menopause	2	1	TRUE
rs9608698	C	G	C	G	0.0219190201977783	-0.06	0.549	0.5446	FALSE	TRUE	TRUE	scad	0.0391	0.1247	11209	SCAD	TRUE	reported	0.00289012115933218	3.23549692801832e-13		Age at menopause	TRUE	reported	menopause	2	1	FALSE
rs9673473	G	C	G	C	0.0538744722245365	-0.0226	0.5987	0.5852	FALSE	TRUE	FALSE	scad	0.0395	0.5673	11209	SCAD	TRUE	reported	0.00299248356227853	4.15694505358173e-71		Age at menopause	TRUE	reported	menopause	2	1	TRUE
rs9793263	G	A	G	A	-0.032008372856069	0.0422	0.591	0.598	FALSE	FALSE	FALSE	scad	0.0461	0.3601	11209	SCAD	TRUE	reported	0.00282162401423751	1.13852902141275e-28		Age at menopause	TRUE	reported	menopause	2	1	TRUE
rs9796	T	A	T	A	0.0419825973041228	0.0139	0.4701	0.4671	FALSE	TRUE	TRUE	scad	0.0427	0.7443	11209	SCAD	TRUE	reported	0.00294947493546417	1.01153692167607e-44		Age at menopause	TRUE	reported	menopause	2	1	FALSE
rs9807043	T	C	T	C	0.0174927623932229	-0.0366	0.1577	0.1726	FALSE	FALSE	FALSE	scad	0.0512	0.4743	11209	SCAD	TRUE	reported	0.00290134737564116	1.27780025479976e-08		Age at menopause	TRUE	reported	menopause	2	1	TRUE
rs9818740	A	G	A	G	0.0362940645997176	-0.0163	0.2742	0.2703	FALSE	FALSE	FALSE	scad	0.0436	0.708	11209	SCAD	TRUE	reported	0.00452335479042979	1.04735723316462e-14		Age at menopause	TRUE	reported	menopause	2	1	TRUE
rs9904909	G	A	G	A	-0.0493636572093282	-0.0383	0.3346	0.3292	FALSE	FALSE	FALSE	scad	0.0426	0.368	11209	SCAD	TRUE	reported	0.00322207451291701	1.07640120760963e-51		Age at menopause	TRUE	reported	menopause	2	1	TRUE
rs9937872	A	G	A	G	0.0177250339694881	0.0419	0.2187	0.2281	FALSE	FALSE	FALSE	scad	0.065	0.5188	11209	SCAD	TRUE	reported	0.00293146866737445	1.15118056355821e-08		Age at menopause	TRUE	reported	menopause	2	1	TRUE
